console,total_sales
Nintendo DS,161.33000000000013
Sony PSP,63.58999999999998
X360,167.23000000000008
Nintendo Wii,136.72000000000008
PlayStation 3,80.95999999999998
